<?xml version="1.0" encoding="UTF-8" ?>
<!DOCTYPE mapper
        PUBLIC "-//mybatis.org//DTD Mapper 3.0//EN"
        "https://mybatis.org/dtd/mybatis-3-mapper.dtd">
<mapper namespace="com.ohgiraffers.crudtest.menu.dao.MenuMapper">
    <resultMap id="MenuMap" type="com.ohgiraffers.crudtest.menu.dto.MenuDTO">
        <result property="code" column="menu_code"/>
        <result property="name" column="menu_name"/>
        <result property="price" column="menu_price"/>
        <result property="categoryCode" column="category_code"/>
        <result property="orderableStaus" column="orderable_status"/>
    </resultMap>
    <select id="findAllMenus" resultMap="MenuMap">
        select
              menu_code
            , menu_name
            , menu_price
            , category_code
            , orderable_status
        from tbl_menu
        order by menu_code
    </select>
    <insert id="registMenu" parameterType="com.ohgiraffers.crudtest.menu.dto.MenuDTO">
        insert into tbl_menu
        (
        menu_name
        , menu_price
        , category_code
        , orderable_status
        )
        values
        (
              #{name}
            , #{price}
            , #{categoryCode}
            , #{orderableStaus}
        )
    </insert>
</mapper>
